PUL,Protein_ID,contig,start,end,strand
Mannan_1,CC151_genome_1990,genome,2209734,2209985,-1
Mannan_1,CC151_genome_1991,genome,2210797,2212578,-1
Mannan_1,CC151_genome_1992,genome,2212693,2213628,-1
Mannan_1,CC151_genome_1993,genome,2213653,2214930,-1
Mannan_1,CC151_genome_1994,genome,2215024,2216682,-1
Mannan_1,CC151_genome_1995,genome,2216843,2218405,1
Mannan_1,CC151_genome_1996,genome,2218351,2218500,-1
Mannan_1,CC151_genome_1997,genome,2218558,2221917,-1
Mannan_1,CC151_genome_1998,genome,2222672,2225218,1
Mannan_1,CC151_genome_1999,genome,2225367,2226386,1
Mannan_1,CC151_genome_2000,genome,2226696,2229287,1
Mannan_1,CC151_genome_2001,genome,2229348,2230439,1
Mannan_1,CC151_genome_2002,genome,2230606,2231901,1
Mannan_1,CC151_genome_2003,genome,2231926,2232816,-1
Mannan_1,CC151_genome_2004,genome,2232887,2235400,1
Mannan_1,CC151_genome_2005,genome,2235755,2235985,-1
Mannan_1,CC151_genome_2006,genome,2235985,2236566,-1
Mannan_1,CC151_genome_2007,genome,2236570,2236893,1
Mannan_1,CC151_genome_2008,genome,2237028,2239673,-1
Mannan_1,CC151_genome_2009,genome,2239722,2242091,-1
Mannan_1,CC151_genome_2010,genome,2242187,2242903,-1
Mannan_1,CC151_genome_2011,genome,2243171,2245435,-1
Mannan_1,CC151_genome_2012,genome,2245492,2246670,-1
Mannan_1,CC151_genome_2013,genome,2246673,2248019,-1
Mannan_1,CC151_genome_2014,genome,2248113,2249645,1
Mannan_1,CC151_genome_2015,genome,2249972,2253007,-1
Mannan_1,CC151_genome_2016,genome,2253287,2254357,1
Mannan_1,CC151_genome_2017,genome,2254417,2254986,1
Mannan_1,CC151_genome_2018,genome,2254979,2255884,1
Mannan_1,CC151_genome_2019,genome,2256376,2257953,1
Mannan_1,CC151_genome_2020,genome,2258016,2260259,1
Mannan_1,CC151_genome_2021,genome,2260911,2261771,-1
Mannan_1,CC151_genome_2022,genome,2261926,2262444,-1
Mannan_1,CC151_genome_2023,genome,2262464,2263867,-1
Mannan_1,CC151_genome_2024,genome,2263998,2265632,-1
Mannan_1,CC151_genome_2025,genome,2265664,2266197,-1
Mannan_1,CC151_genome_2026,genome,2266194,2267468,-1
Mannan_1,CC151_genome_2027,genome,2267493,2268563,-1
Mannan_1,CC151_genome_2028,genome,2268588,2270513,-1
Mannan_1,CC151_genome_2029,genome,2270701,2271537,-1
Mannan_1,CC151_genome_2030,genome,2272200,2272352,-1
Mannan_1,CC151_genome_2031,genome,2272434,2273345,1
Mannan_1,CC151_genome_2032,genome,2273929,2276214,-1
Mannan_1,CC151_genome_2033,genome,2276926,2277729,-1
Mannan_1,CC151_genome_2034,genome,2277770,2279173,-1
Mannan_1,CC151_genome_2035,genome,2279201,2281060,-1
Mannan_1,CC151_genome_2036,genome,2281238,2282668,1
Mannan_1,CC151_genome_2037,genome,2282784,2283608,-1
Mannan_1,CC151_genome_2038,genome,2283617,2284888,-1
Mannan_1,CC151_genome_2039,genome,2284927,2285790,-1
Mannan_1,CC151_genome_2040,genome,2285896,2287275,-1
Mannan_1,CC151_genome_2041,genome,2287456,2288313,-1
Mannan_1,CC151_genome_2042,genome,2288389,2289123,-1
Mannan_1,CC151_genome_2043,genome,2289068,2293189,-1
Mannan_1,CC151_genome_2044,genome,2293286,2294161,-1
Mannan_2,CC151_genome_2088,genome,2341876,2342754,1
Mannan_2,CC151_genome_2089,genome,2342801,2343985,1
Mannan_2,CC151_genome_2090,genome,2344661,2345629,-1
Mannan_2,CC151_genome_2091,genome,2345667,2346596,-1
Mannan_2,CC151_genome_2092,genome,2346634,2348619,-1
Mannan_2,CC151_genome_2093,genome,2348796,2349833,-1
Mannan_2,CC151_genome_2094,genome,2350118,2351611,1
Mannan_2,CC151_genome_2095,genome,2351644,2353017,1
Mannan_2,CC151_genome_2096,genome,2352971,2354470,1
Mannan_2,CC151_genome_2097,genome,2354595,2357759,-1
Mannan_2,CC151_genome_2098,genome,2357897,2359303,1
Mannan_2,CC151_genome_2099,genome,2359560,2362724,1
Mannan_2,CC151_genome_2100,genome,2362766,2364370,1
Mannan_2,CC151_genome_2101,genome,2365022,2369155,1
Mannan_2,CC151_genome_2102,genome,2369243,2370112,-1
Mannan_2,CC151_genome_2103,genome,2370288,2374688,1
Mannan_2,CC151_genome_2104,genome,2374915,2376351,1
Mannan_2,CC151_genome_2105,genome,2376398,2378509,1
Mannan_2,CC151_genome_2106,genome,2378515,2380518,1
Mannan_2,CC151_genome_2107,genome,2380586,2383297,-1
Mannan_2,CC151_genome_2108,genome,2383585,2384877,-1
Mannan_2,CC151_genome_2109,genome,2385179,2385373,-1
Mannan_2,CC151_genome_2110,genome,2385330,2385446,-1
Mannan_2,CC151_genome_2111,genome,2385735,2386634,1
Mannan_2,CC151_genome_2112,genome,2387035,2388300,1
Mannan_2,CC151_genome_2113,genome,2388308,2391019,1
Mannan_2,CC151_genome_2114,genome,2391043,2395026,1
Mannan_2,CC151_genome_2115,genome,2395048,2395764,1
Mannan_2,CC151_genome_2116,genome,2395893,2401874,1
Mannan_2,CC151_genome_2117,genome,2401956,2403344,1
Mannan_2,CC151_genome_2118,genome,2403357,2403782,1
Mannan_2,CC151_genome_2119,genome,2403983,2405584,1
Mannan_2,CC151_genome_2120,genome,2405750,2407129,1
Mannan_2,CC151_genome_2121,genome,2407134,2408009,1
Mannan_2,CC151_genome_2122,genome,2408088,2408900,1
Mannan_2,CC151_genome_2123,genome,2409003,2412167,1
Mannan_2,CC151_genome_2124,genome,2412571,2412729,1
Mannan_2,CC151_genome_2125,genome,2412816,2414276,-1
Mannan_2,CC151_genome_2126,genome,2414372,2415001,-1
Mannan_2,CC151_genome_2127,genome,2415183,2415968,-1
Mannan_2,CC151_genome_2128,genome,2416120,2416857,-1
Mannan_2,CC151_genome_2129,genome,2416878,2418323,-1
Mannan_2,CC151_genome_2130,genome,2418462,2423702,-1
Mannan_2,CC151_genome_2131,genome,2423727,2424863,-1
Mannan_2,CC151_genome_2132,genome,2424996,2429807,-1
Mannan_2,CC151_genome_2133,genome,2429832,2430602,-1
Mannan_2,CC151_genome_2134,genome,2431283,2432035,-1
Mannan_2,CC151_genome_2135,genome,2432032,2433516,-1
Fucoidan,CC151_genome_2646,genome,2997525,2997896,-1
Fucoidan,CC151_genome_2647,genome,2997883,2998608,-1
Fucoidan,CC151_genome_2648,genome,2998651,2998800,1
Fucoidan,CC151_genome_2649,genome,2999550,3000839,1
Fucoidan,CC151_genome_2650,genome,3000985,3003363,1
Fucoidan,CC151_genome_2651,genome,3003426,3005033,1
Fucoidan,CC151_genome_2652,genome,3005041,3008094,1
Fucoidan,CC151_genome_2653,genome,3008137,3009411,1
Fucoidan,CC151_genome_2654,genome,3009472,3011289,1
Fucoidan,CC151_genome_2655,genome,3011599,3011940,1
Fucoidan,CC151_genome_2656,genome,3012092,3012892,1
Fucoidan,CC151_genome_2657,genome,3013158,3014462,1
Fucoidan,CC151_genome_2658,genome,3014483,3017638,1
Fucoidan,CC151_genome_2659,genome,3017655,3018299,-1
Fucoidan,CC151_genome_2660,genome,3018360,3020387,-1
Fucoidan,CC151_genome_2661,genome,3020565,3022667,1
Fucoidan,CC151_genome_2662,genome,3022664,3025195,1
Fucoidan,CC151_genome_2663,genome,3025387,3026265,1
Fucoidan,CC151_genome_2664,genome,3026308,3026559,1
Fucoidan,CC151_genome_2665,genome,3026675,3027904,1
Fucoidan,CC151_genome_2666,genome,3027901,3030063,1
Fucoidan,CC151_genome_2667,genome,3030038,3030367,-1
Fucoidan,CC151_genome_2668,genome,3030506,3030964,1
Fucoidan,CC151_genome_2669,genome,3031110,3031337,1
Fucoidan,CC151_genome_2670,genome,3031474,3033438,1
Fucoidan,CC151_genome_2671,genome,3033435,3034088,1
Fucoidan,CC151_genome_2672,genome,3034498,3035925,1
Fucoidan,CC151_genome_2673,genome,3035975,3037495,1
Fucoidan,CC151_genome_2674,genome,3037501,3039309,1
Fucoidan,CC151_genome_2675,genome,3039387,3040826,1
Fucoidan,CC151_genome_2676,genome,3040849,3043365,1
Fucoidan,CC151_genome_2677,genome,3043378,3044823,1
Fucoidan,CC151_genome_2678,genome,3044858,3046588,1
Fucoidan,CC151_genome_2679,genome,3046588,3048066,1
Fucoidan,CC151_genome_2680,genome,3048098,3049153,1
Fucoidan,CC151_genome_2681,genome,3049186,3050691,1
Fucoidan,CC151_genome_2682,genome,3050731,3052953,1
Fucoidan,CC151_genome_2683,genome,3053002,3054549,1
Fucoidan,CC151_genome_2684,genome,3054570,3055001,1
Fucoidan,CC151_genome_2685,genome,3055025,3056521,1
Fucoidan,CC151_genome_2686,genome,3056560,3057537,1
Fucoidan,CC151_genome_2687,genome,3057590,3059047,1
Fucoidan,CC151_genome_2688,genome,3059036,3059311,-1
Fucoidan,CC151_genome_2689,genome,3059362,3060819,1
Fucoidan,CC151_genome_2690,genome,3060795,3062216,1
Fucoidan,CC151_genome_2691,genome,3062319,3064019,1
Fucoidan,CC151_genome_2692,genome,3064059,3065540,1
Fucoidan,CC151_genome_2693,genome,3065584,3067782,1
Fucoidan,CC151_genome_2694,genome,3067925,3069739,1
Fucoidan,CC151_genome_2695,genome,3069759,3071279,1
Fucoidan,CC151_genome_2696,genome,3071305,3072825,1
Fucoidan,CC151_genome_2697,genome,3073016,3075466,1
Fucoidan,CC151_genome_2698,genome,3075529,3077376,1
Fucoidan,CC151_genome_2699,genome,3077443,3077655,1
Fucoidan,CC151_genome_2700,genome,3077787,3079550,1
Fucoidan,CC151_genome_2701,genome,3079645,3081249,1
Fucoidan,CC151_genome_2702,genome,3081322,3082899,1
Fucoidan,CC151_genome_2703,genome,3082937,3085393,1
Fucoidan,CC151_genome_2704,genome,3085748,3086539,1
Fucoidan,CC151_genome_2705,genome,3086511,3086726,-1
Fucoidan,CC151_genome_2706,genome,3086767,3088275,1
Fucoidan,CC151_genome_2707,genome,3088509,3089093,1
Fucoidan,CC151_genome_2708,genome,3089234,3091051,-1
Fucoidan,CC151_genome_2709,genome,3091550,3092344,1
Fucoidan,CC151_genome_2710,genome,3092371,3095355,1
Fucoidan,CC151_genome_2711,genome,3095456,3098938,1
Fucoidan,CC151_genome_2712,genome,3098954,3099670,1
Fucoidan,CC151_genome_2713,genome,3099734,3100573,-1
Fucoidan,CC151_genome_2714,genome,3100635,3101198,1
Fucoidan,CC151_genome_2715,genome,3101432,3101887,1
Fucoidan,CC151_genome_2716,genome,3101856,3103154,1
Fucoidan,CC151_genome_2717,genome,3103290,3104789,1
Fucoidan,CC151_genome_2718,genome,3104907,3105974,1
Fucoidan,CC151_genome_2719,genome,3106017,3106514,-1
Fucoidan,CC151_genome_2720,genome,3106690,3106944,1
Fucoidan_2,CC151_genome_3078,genome,3486037,3487881,-1
Fucoidan_2,CC151_genome_3079,genome,3488265,3488465,-1
Fucoidan_2,CC151_genome_3080,genome,3488493,3488816,-1
Fucoidan_2,CC151_genome_3081,genome,3488831,3489559,-1
Fucoidan_2,CC151_genome_3082,genome,3489590,3490942,-1
Fucoidan_2,CC151_genome_3083,genome,3490997,3492394,-1
Fucoidan_2,CC151_genome_3084,genome,3492412,3493866,-1
Fucoidan_2,CC151_genome_3085,genome,3493937,3495472,-1
Fucoidan_2,CC151_genome_3086,genome,3495542,3497071,-1
Fucoidan_2,CC151_genome_3087,genome,3497110,3499032,-1
Fucoidan_2,CC151_genome_3088,genome,3499033,3500523,-1
Fucoidan_2,CC151_genome_3089,genome,3500568,3502499,-1
Fucoidan_2,CC151_genome_3090,genome,3502529,3504100,-1
Fucoidan_2,CC151_genome_3091,genome,3504157,3506709,-1
Fucoidan_2,CC151_genome_3092,genome,3506716,3508290,-1
Fucoidan_2,CC151_genome_3093,genome,3508305,3509735,-1
Fucoidan_2,CC151_genome_3094,genome,3509902,3512205,-1
Fucoidan_2,CC151_genome_3095,genome,3512233,3513795,-1
Fucoidan_2,CC151_genome_3096,genome,3513819,3515666,-1
Fucoidan_2,CC151_genome_3097,genome,3516076,3516756,-1
Fucoidan_2,CC151_genome_3098,genome,3516953,3517603,-1
Fucoidan_2,CC151_genome_3099,genome,3517650,3521201,-1
Fucoidan_2,CC151_genome_3100,genome,3521333,3522301,-1
Fucoidan_2,CC151_genome_3101,genome,3522564,3523265,-1
Fucoidan_2,CC151_genome_3102,genome,3523725,3524441,-1
Fucoidan_2,CC151_genome_3103,genome,3524655,3526667,1
Fucoidan_2,CC151_genome_3104,genome,3526742,3527383,1
carra,CC151_genome_3281,genome,3722442,3724313,-1
carra,CC151_genome_3282,genome,3724336,3726066,-1
carra,CC151_genome_3283,genome,3726087,3729482,-1
carra,CC151_genome_3284,genome,3729533,3730006,-1
carra,CC151_genome_3285,genome,3730171,3730986,-1
carra,CC151_genome_3286,genome,3731012,3734605,-1
carra,CC151_genome_3287,genome,3734899,3735447,1
carra,CC151_genome_3288,genome,3735493,3736035,1
carra,CC151_genome_3289,genome,3736309,3737460,1
carra,CC151_genome_3290,genome,3737556,3740525,-1
carra,CC151_genome_3291,genome,3741104,3741988,-1
carra,CC151_genome_3292,genome,3742332,3743291,-1
carra,CC151_genome_3293,genome,3743497,3744294,-1
carra,CC151_genome_3294,genome,3744561,3745379,-1
carra,CC151_genome_3295,genome,3745740,3745853,-1
carra,CC151_genome_3296,genome,3746024,3746758,1
carra,CC151_genome_3297,genome,3747745,3749106,1
carra,CC151_genome_3298,genome,3749130,3750737,1
carra,CC151_genome_3299,genome,3751000,3751665,-1
carra,CC151_genome_3300,genome,3751817,3753871,-1
carra,CC151_genome_3301,genome,3753990,3754448,-1
carra,CC151_genome_3302,genome,3754708,3755349,1
carra,CC151_genome_3303,genome,3756058,3760005,-1
carra,CC151_genome_3304,genome,3760190,3763771,-1
carra,CC151_genome_3305,genome,3764146,3764400,-1
carra,CC151_genome_3306,genome,3764640,3766535,1
carra,CC151_genome_3307,genome,3766573,3767208,1
carra,CC151_genome_3308,genome,3767616,3768926,-1
carra,CC151_genome_3309,genome,3768933,3770831,-1
carra,CC151_genome_3310,genome,3770905,3772338,-1
carra,CC151_genome_3311,genome,3772678,3774111,1
carra,CC151_genome_3312,genome,3774114,3775073,-1
carra,CC151_genome_3313,genome,3775039,3776037,-1
carra,CC151_genome_3314,genome,3776073,3777176,-1
carra,CC151_genome_3315,genome,3777173,3779692,-1
carra,CC151_genome_3316,genome,3779843,3780643,-1
carra,CC151_genome_3317,genome,3780801,3781019,1
carra,CC151_genome_3318,genome,3781421,3781999,-1
carra,CC151_genome_3319,genome,3782072,3783694,-1
carra,CC151_genome_3320,genome,3783729,3784712,-1
carra,CC151_genome_3321,genome,3784709,3787093,-1
carra,CC151_genome_3322,genome,3787171,3788706,-1
carra,CC151_genome_3323,genome,3788716,3790695,-1
carra,CC151_genome_3324,genome,3790756,3792318,-1
carra,CC151_genome_3325,genome,3792766,3794202,-1
carra,CC151_genome_3326,genome,3794230,3795321,-1
carra,CC151_genome_3327,genome,3795332,3795970,-1
carra,CC151_genome_3328,genome,3795987,3797366,-1
carra,CC151_genome_3329,genome,3797392,3798537,-1
Fuc_plasmid,CC151_plasmid_1,plasmid,3,662,1
Fuc_plasmid,CC151_plasmid_2,plasmid,640,1377,1
Fuc_plasmid,CC151_plasmid_3,plasmid,1584,1847,1
Fuc_plasmid,CC151_plasmid_4,plasmid,1840,2220,1
Fuc_plasmid,CC151_plasmid_5,plasmid,2954,4369,-1
Fuc_plasmid,CC151_plasmid_6,plasmid,4962,7457,-1
Fuc_plasmid,CC151_plasmid_7,plasmid,7479,8816,-1
Fuc_plasmid,CC151_plasmid_8,plasmid,9024,11426,-1
Fuc_plasmid,CC151_plasmid_9,plasmid,11850,12485,-1
Fuc_plasmid,CC151_plasmid_10,plasmid,12488,14734,-1
Fuc_plasmid,CC151_plasmid_11,plasmid,14827,16044,-1
Fuc_plasmid,CC151_plasmid_12,plasmid,16466,17908,-1
Fuc_plasmid,CC151_plasmid_13,plasmid,17984,19420,-1
Fuc_plasmid,CC151_plasmid_14,plasmid,20124,22292,-1
Fuc_plasmid,CC151_plasmid_15,plasmid,22568,24382,-1
Fuc_plasmid,CC151_plasmid_16,plasmid,24441,25679,-1
Fuc_plasmid,CC151_plasmid_17,plasmid,27245,27562,1
Fuc_plasmid,CC151_plasmid_18,plasmid,27607,28050,1
Fuc_plasmid,CC151_plasmid_19,plasmid,28257,29684,-1
Fuc_plasmid,CC151_plasmid_20,plasmid,29952,32792,-1
Fuc_plasmid,CC151_plasmid_21,plasmid,33251,34741,-1
Fuc_plasmid,CC151_plasmid_22,plasmid,34745,36190,-1
Fuc_plasmid,CC151_plasmid_23,plasmid,36487,38493,1
Fuc_plasmid,CC151_plasmid_24,plasmid,38507,39160,1
Fuc_plasmid,CC151_plasmid_25,plasmid,39714,41246,-1
Fuc_plasmid,CC151_plasmid_26,plasmid,41813,42586,-1
Fuc_plasmid,CC151_plasmid_27,plasmid,42838,43638,-1
Fuc_plasmid,CC151_plasmid_28,plasmid,43822,45795,-1
Fuc_plasmid,CC151_plasmid_29,plasmid,45814,46875,-1
Fuc_plasmid,CC151_plasmid_30,plasmid,47053,49512,-1
Fuc_plasmid,CC151_plasmid_31,plasmid,49675,51111,-1
Fuc_plasmid,CC151_plasmid_32,plasmid,51594,54701,1
Fuc_plasmid,CC151_plasmid_33,plasmid,54701,55792,1
Fuc_plasmid,CC151_plasmid_34,plasmid,55807,56628,1
Fuc_plasmid,CC151_plasmid_35,plasmid,56649,57065,1
Fuc_plasmid,CC151_plasmid_36,plasmid,57077,57508,1
Fuc_plasmid,CC151_plasmid_37,plasmid,57552,58715,1
Fuc_plasmid,CC151_plasmid_38,plasmid,58750,59856,1
Fuc_plasmid,CC151_plasmid_39,plasmid,60427,60606,-1
Fuc_plasmid,CC151_plasmid_40,plasmid,61293,62768,-1
Fuc_plasmid,CC151_plasmid_41,plasmid,62769,63830,-1
Fuc_plasmid,CC151_plasmid_42,plasmid,63844,65307,-1
Fuc_plasmid,CC151_plasmid_43,plasmid,65537,66394,-1
Fuc_plasmid,CC151_plasmid_44,plasmid,66616,68004,-1
Fuc_plasmid,CC151_plasmid_45,plasmid,68368,69018,-1
Fuc_plasmid,CC151_plasmid_46,plasmid,69044,70990,-1
Fuc_plasmid,CC151_plasmid_47,plasmid,70938,71312,-1
Fuc_plasmid,CC151_plasmid_48,plasmid,71351,72067,-1
Fuc_plasmid,CC151_plasmid_49,plasmid,72355,73128,-1
Fuc_plasmid,CC151_plasmid_50,plasmid,73977,74786,-1
Fuc_plasmid,CC151_plasmid_51,plasmid,75292,75453,1
Fuc_plasmid,CC151_plasmid_52,plasmid,75569,76258,-1
Fuc_plasmid,CC151_plasmid_53,plasmid,77120,78865,-1
Fuc_plasmid,CC151_plasmid_54,plasmid,78996,79130,1
Fuc_plasmid,CC151_plasmid_55,plasmid,79141,79521,-1
Fuc_plasmid,CC151_plasmid_56,plasmid,79722,80438,-1
Fuc_plasmid,CC151_plasmid_57,plasmid,81037,84258,-1
Fuc_plasmid,CC151_plasmid_58,plasmid,85217,88171,-1
Fuc_plasmid,CC151_plasmid_59,plasmid,88510,90873,-1
Fuc_plasmid,CC151_plasmid_60,plasmid,91250,95392,-1
Fuc_plasmid,CC151_plasmid_61,plasmid,95620,99918,-1
Fuc_plasmid,CC151_plasmid_62,plasmid,99962,103147,-1
Fuc_plasmid,CC151_plasmid_63,plasmid,103373,103597,1
Fuc_plasmid,CC151_plasmid_64,plasmid,103685,104668,-1
Fuc_plasmid,CC151_plasmid_65,plasmid,104850,105308,-1
Fuc_plasmid,CC151_plasmid_66,plasmid,105426,107252,-1
Fuc_plasmid,CC151_plasmid_67,plasmid,107271,108695,-1
Fuc_plasmid,CC151_plasmid_68,plasmid,108756,110417,-1
Fuc_plasmid,CC151_plasmid_69,plasmid,110453,111835,-1
Fuc_plasmid,CC151_plasmid_70,plasmid,111851,114016,-1
Fuc_plasmid,CC151_plasmid_71,plasmid,114116,115822,-1
Fuc_plasmid,CC151_plasmid_72,plasmid,115916,117406,-1
Fuc_plasmid,CC151_plasmid_73,plasmid,118211,118891,-1
Fuc_plasmid,CC151_plasmid_74,plasmid,119000,119674,-1
Fuc_plasmid,CC151_plasmid_75,plasmid,119690,123199,-1
Fuc_plasmid,CC151_plasmid_76,plasmid,123668,123865,-1
Fuc_plasmid,CC151_plasmid_77,plasmid,124021,124680,1
Fuc_plasmid,CC151_plasmid_78,plasmid,125119,125217,-1
Fuc_plasmid,CC151_plasmid_79,plasmid,125491,127077,1
Fuc_plasmid,CC151_plasmid_80,plasmid,127102,127215,1
Fuc_plasmid,CC151_plasmid_81,plasmid,128088,128411,1
Fuc_plasmid,CC151_plasmid_82,plasmid,128466,129923,1
Fuc_plasmid,CC151_plasmid_83,plasmid,129957,130679,1
Fuc_plasmid,CC151_plasmid_84,plasmid,135582,136094,-1
Fuc_plasmid,CC151_plasmid_85,plasmid,136091,136663,-1
Fuc_plasmid,CC151_plasmid_86,plasmid,138109,140055,1
Fuc_plasmid,CC151_plasmid_87,plasmid,140055,140708,1
Fuc_plasmid,CC151_plasmid_88,plasmid,141235,142746,1
Fuc_plasmid,CC151_plasmid_89,plasmid,142979,143737,1
Fuc_plasmid,CC151_plasmid_90,plasmid,144100,144756,-1
Fuc_plasmid,CC151_plasmid_91,plasmid,144758,146740,-1
Fuc_plasmid,CC151_plasmid_92,plasmid,147152,148027,1
Fuc_plasmid,CC151_plasmid_93,plasmid,148355,149113,1
Fuc_plasmid,CC151_plasmid_94,plasmid,149235,152144,1
Fuc_plasmid,CC151_plasmid_95,plasmid,152738,154582,1
Fuc_plasmid,CC151_plasmid_96,plasmid,154635,154733,1
Fuc_plasmid,CC151_plasmid_97,plasmid,154884,157190,1
Fuc_plasmid,CC151_plasmid_98,plasmid,157424,158554,1
Fuc_plasmid,CC151_plasmid_99,plasmid,158675,159991,-1
Fuc_plasmid,CC151_plasmid_100,plasmid,160002,162941,-1
Fuc_plasmid,CC151_plasmid_101,plasmid,163325,164368,1
Fuc_plasmid,CC151_plasmid_102,plasmid,164449,165984,1
Fuc_plasmid,CC151_plasmid_103,plasmid,166021,167832,1
Fuc_plasmid,CC151_plasmid_104,plasmid,167841,168077,-1
Fuc_plasmid,CC151_plasmid_105,plasmid,168154,168702,-1
Fuc_plasmid,CC151_plasmid_106,plasmid,169191,169871,-1
Fuc_plasmid,CC151_plasmid_107,plasmid,169896,171908,-1
Fuc_plasmid,CC151_plasmid_108,plasmid,172007,172906,1
Fuc_plasmid,CC151_plasmid_109,plasmid,173378,176377,-1
Fuc_plasmid,CC151_plasmid_110,plasmid,176552,179707,-1
Fuc_plasmid,CC151_plasmid_111,plasmid,180106,183474,1
Fuc_plasmid,CC151_plasmid_112,plasmid,183425,183622,1
Fuc_plasmid,CC151_plasmid_113,plasmid,183561,185240,1
Fuc_plasmid,CC151_plasmid_114,plasmid,185521,186738,-1
Fuc_plasmid,CC151_plasmid_115,plasmid,187034,188497,-1
Fuc_plasmid,CC151_plasmid_116,plasmid,188940,189542,1
Fuc_plasmid,CC151_plasmid_117,plasmid,189698,191242,1
Fuc_plasmid,CC151_plasmid_118,plasmid,191324,194179,1
Fuc_plasmid,CC151_plasmid_119,plasmid,194183,195682,1
Fuc_plasmid,CC151_plasmid_120,plasmid,195698,196711,-1
Fuc_plasmid,CC151_plasmid_121,plasmid,196754,197677,-1
Fuc_plasmid,CC151_plasmid_122,plasmid,197686,198552,-1
Fuc_plasmid,CC151_plasmid_123,plasmid,198732,200045,-1
Fuc_plasmid,CC151_plasmid_124,plasmid,200164,201690,-1
Fuc_plasmid,CC151_plasmid_125,plasmid,201811,201951,1
Fuc_plasmid,CC151_plasmid_126,plasmid,202001,202687,1
Fuc_plasmid,CC151_plasmid_127,plasmid,202827,203081,-1
Fuc_plasmid,CC151_plasmid_128,plasmid,203657,205594,1
Fuc_plasmid,CC151_plasmid_129,plasmid,205591,206283,1
Fuc_plasmid,CC151_plasmid_130,plasmid,206326,207723,-1
Fuc_plasmid,CC151_plasmid_131,plasmid,207886,211764,-1
Fuc_plasmid,CC151_plasmid_132,plasmid,212048,214501,-1
Fuc_plasmid,CC151_plasmid_133,plasmid,214675,215313,-1
Fuc_plasmid,CC151_plasmid_134,plasmid,215321,215491,1
Fuc_plasmid,CC151_plasmid_135,plasmid,215597,218458,-1
Fuc_plasmid,CC151_plasmid_136,plasmid,218493,220316,-1
Fuc_plasmid,CC151_plasmid_137,plasmid,220318,220611,-1
Fuc_plasmid,CC151_plasmid_138,plasmid,220720,222231,1
Fuc_plasmid,CC151_plasmid_139,plasmid,222262,224100,1
Fuc_plasmid,CC151_plasmid_140,plasmid,224315,224692,1
Fuc_plasmid,CC151_plasmid_141,plasmid,224967,226406,-1
Fuc_plasmid,CC151_plasmid_142,plasmid,226437,227606,-1
Fuc_plasmid,CC151_plasmid_143,plasmid,227679,229103,-1
Fuc_plasmid,CC151_plasmid_144,plasmid,229115,230002,-1
Fuc_plasmid,CC151_plasmid_145,plasmid,230024,231418,-1
Fuc_plasmid,CC151_plasmid_146,plasmid,231688,233664,1
Fuc_plasmid,CC151_plasmid_147,plasmid,233770,235335,1
Fuc_plasmid,CC151_plasmid_148,plasmid,235628,237559,-1
Fuc_plasmid,CC151_plasmid_149,plasmid,237844,240666,1
Fuc_plasmid,CC151_plasmid_150,plasmid,241309,241722,-1
Fuc_plasmid,CC151_plasmid_151,plasmid,241815,242363,1
Fuc_plasmid,CC151_plasmid_152,plasmid,242979,243866,1
Fuc_plasmid,CC151_plasmid_153,plasmid,244530,245366,1
Fuc_plasmid,CC151_plasmid_154,plasmid,246591,249905,1
Fuc_plasmid,CC151_plasmid_155,plasmid,250213,250389,1
Fuc_plasmid,CC151_plasmid_156,plasmid,250852,251877,1
Fuc_plasmid,CC151_plasmid_157,plasmid,251930,253795,1
Fuc_plasmid,CC151_plasmid_158,plasmid,253834,254979,1
Fuc_plasmid,CC151_plasmid_159,plasmid,255014,256570,1
Fuc_plasmid,CC151_plasmid_160,plasmid,256591,258384,1
Fuc_plasmid,CC151_plasmid_161,plasmid,258649,260487,1
Fuc_plasmid,CC151_plasmid_162,plasmid,260537,262738,1
Fuc_plasmid,CC151_plasmid_163,plasmid,262796,264172,1
Fuc_plasmid,CC151_plasmid_164,plasmid,264177,264311,1
Fuc_plasmid,CC151_plasmid_165,plasmid,264733,267006,1
Fuc_plasmid,CC151_plasmid_166,plasmid,267083,268849,1
Fuc_plasmid,CC151_plasmid_167,plasmid,269260,271620,1
Fuc_plasmid,CC151_plasmid_168,plasmid,271678,272559,1
Fuc_plasmid,CC151_plasmid_169,plasmid,272787,274127,1
Fuc_plasmid,CC151_plasmid_170,plasmid,274200,275702,1
Fuc_plasmid,CC151_plasmid_171,plasmid,275864,277360,1
Fuc_plasmid,CC151_plasmid_172,plasmid,278297,279319,1
Fuc_plasmid,CC151_plasmid_173,plasmid,279325,279825,1
Fuc_plasmid,CC151_plasmid_174,plasmid,279822,281123,1
Fuc_plasmid,CC151_plasmid_175,plasmid,281155,281811,-1
Fuc_plasmid,CC151_plasmid_176,plasmid,281878,283824,-1
Fuc_plasmid,CC151_plasmid_177,plasmid,284357,285883,1
Fuc_plasmid,CC151_plasmid_178,plasmid,285954,287003,1
Fuc_plasmid,CC151_plasmid_179,plasmid,287219,287962,1
Fuc_plasmid,CC151_plasmid_180,plasmid,288169,290073,1
Fuc_plasmid,CC151_plasmid_181,plasmid,290110,292314,1
Fuc_plasmid,CC151_plasmid_182,plasmid,292311,293558,1
Fuc_plasmid,CC151_plasmid_183,plasmid,293621,295135,1
Fuc_plasmid,CC151_plasmid_184,plasmid,295128,296642,1
Fuc_plasmid,CC151_plasmid_185,plasmid,296695,298191,1
Fuc_plasmid,CC151_plasmid_186,plasmid,298300,298461,1
Fuc_plasmid,CC151_plasmid_187,plasmid,298484,299773,1
Fuc_plasmid,CC151_plasmid_188,plasmid,299871,301979,1
Fuc_plasmid,CC151_plasmid_189,plasmid,302076,303509,1
Fuc_plasmid,CC151_plasmid_190,plasmid,303519,304235,1
Fuc_plasmid,CC151_plasmid_191,plasmid,304260,305840,1
Fuc_plasmid,CC151_plasmid_192,plasmid,305865,307349,1
Fuc_plasmid,CC151_plasmid_193,plasmid,308189,309343,1
Fuc_plasmid,CC151_plasmid_194,plasmid,309359,309499,-1
Fuc_plasmid,CC151_plasmid_195,plasmid,309996,310808,1
Fuc_plasmid,CC151_plasmid_196,plasmid,311038,311712,-1
Fuc_plasmid,CC151_plasmid_197,plasmid,311694,313682,-1
Fuc_plasmid,CC151_plasmid_198,plasmid,313842,314675,1
Fuc_plasmid,CC151_plasmid_199,plasmid,314832,316376,1
Fuc_plasmid,CC151_plasmid_200,plasmid,316656,318182,1
Fuc_plasmid,CC151_plasmid_201,plasmid,318710,320083,1
Fuc_plasmid,CC151_plasmid_202,plasmid,320124,320993,1
Fuc_plasmid,CC151_plasmid_203,plasmid,321013,322515,1
Fuc_plasmid,CC151_plasmid_204,plasmid,322946,324487,1
Fuc_plasmid,CC151_plasmid_205,plasmid,324506,326026,1
Fuc_plasmid,CC151_plasmid_206,plasmid,326054,327619,1
Fuc_plasmid,CC151_plasmid_207,plasmid,327808,329838,1
Fuc_plasmid,CC151_plasmid_208,plasmid,329835,331013,1
Fuc_plasmid,CC151_plasmid_209,plasmid,331227,331424,1
Fuc_plasmid,CC151_plasmid_210,plasmid,331431,332930,1
Fuc_plasmid,CC151_plasmid_211,plasmid,332951,334474,1
Fuc_plasmid,CC151_plasmid_212,plasmid,334636,336204,1
Fuc_plasmid,CC151_plasmid_213,plasmid,336343,337005,-1
Fuc_plasmid,CC151_plasmid_214,plasmid,337007,339007,-1
Fuc_plasmid,CC151_plasmid_215,plasmid,339261,339389,1
Fuc_plasmid,CC151_plasmid_216,plasmid,339421,339564,-1
Fuc_plasmid,CC151_plasmid_217,plasmid,340143,340793,1
Fuc_plasmid,CC151_plasmid_218,plasmid,341024,342619,1
Fuc_plasmid,CC151_plasmid_219,plasmid,342621,344138,1
Fuc_plasmid,CC151_plasmid_220,plasmid,344143,345666,1
Fuc_plasmid,CC151_plasmid_221,plasmid,345663,347081,1
Fuc_plasmid,CC151_plasmid_222,plasmid,347144,347809,-1
Fuc_plasmid,CC151_plasmid_223,plasmid,347822,349804,-1
Fuc_plasmid,CC151_plasmid_224,plasmid,349989,350783,1
Fuc_plasmid,CC151_plasmid_225,plasmid,350983,352413,1
Fuc_plasmid,CC151_plasmid_226,plasmid,352455,353987,1
Fuc_plasmid,CC151_plasmid_227,plasmid,353999,354703,1
Fuc_plasmid,CC151_plasmid_228,plasmid,354761,356491,1
Fuc_plasmid,CC151_plasmid_229,plasmid,356557,358023,1
Fuc_plasmid,CC151_plasmid_230,plasmid,358072,359541,1
Fuc_plasmid,CC151_plasmid_231,plasmid,359564,361060,1
Fuc_plasmid,CC151_plasmid_232,plasmid,361124,363013,1
Fuc_plasmid,CC151_plasmid_233,plasmid,363087,364829,1
Fuc_plasmid,CC151_plasmid_234,plasmid,364873,366528,1
Fuc_plasmid,CC151_plasmid_235,plasmid,366569,368020,1
Fuc_plasmid,CC151_plasmid_236,plasmid,368265,369887,1
Fuc_plasmid,CC151_plasmid_237,plasmid,370013,370261,1
Fuc_plasmid,CC151_plasmid_238,plasmid,370678,370938,-1
Fuc_plasmid,CC151_plasmid_239,plasmid,370960,372507,1
Fuc_plasmid,CC151_plasmid_240,plasmid,372522,373976,1
Fuc_plasmid,CC151_plasmid_241,plasmid,374037,375599,1
Fuc_plasmid,CC151_plasmid_242,plasmid,375634,377148,1
Fuc_plasmid,CC151_plasmid_243,plasmid,377191,379587,1
Fuc_plasmid,CC151_plasmid_244,plasmid,379644,380417,1
Fuc_plasmid,CC151_plasmid_245,plasmid,380514,381998,1
Fuc_plasmid,CC151_plasmid_246,plasmid,382213,382380,1
Fuc_plasmid,CC151_plasmid_247,plasmid,382331,382981,1
Fuc_plasmid,CC151_plasmid_248,plasmid,383502,387155,1
Fuc_plasmid,CC151_plasmid_249,plasmid,387541,387714,1
Fuc_plasmid,CC151_plasmid_250,plasmid,387924,389495,1
Fuc_plasmid,CC151_plasmid_251,plasmid,390202,390843,-1
Fuc_plasmid,CC151_plasmid_252,plasmid,390872,392932,-1
Fuc_plasmid,CC151_plasmid_253,plasmid,393164,393829,1
Fuc_plasmid,CC151_plasmid_254,plasmid,394423,395202,1
Fuc_plasmid,CC151_plasmid_255,plasmid,395624,396532,1
Fuc_plasmid,CC151_plasmid_256,plasmid,396966,397703,1
Fuc_plasmid,CC151_plasmid_257,plasmid,398367,401315,1
Fuc_plasmid,CC151_plasmid_258,plasmid,401321,403789,1
Fuc_plasmid,CC151_plasmid_259,plasmid,403836,405842,1
Fuc_plasmid,CC151_plasmid_260,plasmid,405914,406159,1
Fuc_plasmid,CC151_plasmid_261,plasmid,406097,406750,-1
Fuc_plasmid,CC151_plasmid_262,plasmid,406747,408744,-1
Fuc_plasmid,CC151_plasmid_263,plasmid,408976,409233,1
Fuc_plasmid,CC151_plasmid_264,plasmid,409295,411931,1
Fuc_plasmid,CC151_plasmid_265,plasmid,412732,416280,1
Fuc_plasmid,CC151_plasmid_266,plasmid,416320,417036,1
Fuc_plasmid,CC151_plasmid_267,plasmid,417437,420229,1
Fuc_plasmid,CC151_plasmid_268,plasmid,420581,423394,1
Fuc_plasmid,CC151_plasmid_269,plasmid,423423,425255,1
Fuc_plasmid,CC151_plasmid_270,plasmid,425520,427070,1
Fuc_plasmid,CC151_plasmid_271,plasmid,427096,427350,1
Fuc_plasmid,CC151_plasmid_272,plasmid,427419,429875,1
Fuc_plasmid,CC151_plasmid_273,plasmid,429898,431277,1
Fuc_plasmid,CC151_plasmid_274,plasmid,431278,431418,1
Fuc_plasmid,CC151_plasmid_275,plasmid,431379,431648,-1
Fuc_plasmid,CC151_plasmid_276,plasmid,431763,432764,-1
Fuc_plasmid,CC151_plasmid_277,plasmid,432794,433105,-1
Fuc_plasmid,CC151_plasmid_278,plasmid,433158,433700,-1
Fuc_plasmid,CC151_plasmid_279,plasmid,433776,434432,-1
Fuc_plasmid,CC151_plasmid_280,plasmid,434475,434822,-1
Fuc_plasmid,CC151_plasmid_281,plasmid,436315,437763,1
Fuc_plasmid,CC151_plasmid_282,plasmid,437785,440535,1
Fuc_plasmid,CC151_plasmid_283,plasmid,440652,442481,1
Fuc_plasmid,CC151_plasmid_284,plasmid,442552,443448,-1
Fuc_plasmid,CC151_plasmid_285,plasmid,443524,443667,-1
Fuc_plasmid,CC151_plasmid_286,plasmid,443793,444077,1
Fuc_plasmid,CC151_plasmid_287,plasmid,444419,444571,-1
Fuc_plasmid,CC151_plasmid_288,plasmid,444749,447118,1
Fuc_plasmid,CC151_plasmid_289,plasmid,447108,449516,1
Fuc_plasmid,CC151_plasmid_290,plasmid,449639,450415,1
Fuc_plasmid,CC151_plasmid_291,plasmid,450963,451733,1
Fuc_plasmid,CC151_plasmid_292,plasmid,452168,454405,1
Fuc_plasmid,CC151_plasmid_293,plasmid,454427,456391,1
Fuc_plasmid,CC151_plasmid_294,plasmid,457180,458157,1
Fuc_plasmid,CC151_plasmid_295,plasmid,458050,458274,-1
Fuc_plasmid,CC151_plasmid_296,plasmid,458470,459210,1
Fuc_plasmid,CC151_plasmid_297,plasmid,459262,460725,1
Fuc_plasmid,CC151_plasmid_298,plasmid,460943,461602,-1
Fuc_plasmid,CC151_plasmid_299,plasmid,461636,463603,-1
Fuc_plasmid,CC151_plasmid_300,plasmid,463795,464475,1
Fuc_plasmid,CC151_plasmid_301,plasmid,464704,465462,1
Fuc_plasmid,CC151_plasmid_302,plasmid,465570,468497,1
Fuc_plasmid,CC151_plasmid_303,plasmid,468705,473597,1
Fuc_plasmid,CC151_plasmid_304,plasmid,473989,475641,1
Fuc_plasmid,CC151_plasmid_305,plasmid,475889,477334,1
Fuc_plasmid,CC151_plasmid_306,plasmid,477337,481074,1
Fuc_plasmid,CC151_plasmid_307,plasmid,481104,482537,1
Fuc_plasmid,CC151_plasmid_308,plasmid,482550,482768,1
Fuc_plasmid,CC151_plasmid_309,plasmid,482765,484297,1
Fuc_plasmid,CC151_plasmid_310,plasmid,484545,486122,1
Fuc_plasmid,CC151_plasmid_311,plasmid,486145,486300,1
Fuc_plasmid,CC151_plasmid_312,plasmid,486457,488331,1
Fuc_plasmid,CC151_plasmid_313,plasmid,488486,489814,1
Fuc_plasmid,CC151_plasmid_314,plasmid,489874,492075,1
Fuc_plasmid,CC151_plasmid_315,plasmid,492182,493666,1
Fuc_plasmid,CC151_plasmid_316,plasmid,493709,496228,1
Fuc_plasmid,CC151_plasmid_317,plasmid,496233,497609,1
Fuc_plasmid,CC151_plasmid_318,plasmid,497946,499487,1
Fuc_plasmid,CC151_plasmid_319,plasmid,499628,500176,1
Fuc_plasmid,CC151_plasmid_320,plasmid,500179,501738,1
Fuc_plasmid,CC151_plasmid_321,plasmid,501876,504692,1
Fuc_plasmid,CC151_plasmid_322,plasmid,504829,506433,1
Fuc_plasmid,CC151_plasmid_323,plasmid,506569,508959,1
Fuc_plasmid,CC151_plasmid_324,plasmid,509035,510240,1
Fuc_plasmid,CC151_plasmid_325,plasmid,510342,511403,1
Fuc_plasmid,CC151_plasmid_326,plasmid,511449,512618,1
Fuc_plasmid,CC151_plasmid_327,plasmid,512780,514294,1
Fuc_plasmid,CC151_plasmid_328,plasmid,514554,516074,1
Fuc_plasmid,CC151_plasmid_329,plasmid,516679,516906,1
Fuc_plasmid,CC151_plasmid_330,plasmid,517382,518044,-1
Fuc_plasmid,CC151_plasmid_331,plasmid,518041,520029,-1
Fuc_plasmid,CC151_plasmid_332,plasmid,520248,521732,1
Fuc_plasmid,CC151_plasmid_333,plasmid,522029,522706,1
Fuc_plasmid,CC151_plasmid_334,plasmid,522917,524803,1
Fuc_plasmid,CC151_plasmid_335,plasmid,524845,525603,1
Fuc_plasmid,CC151_plasmid_336,plasmid,525729,528692,1
Fuc_plasmid,CC151_plasmid_337,plasmid,528708,528980,1
Fuc_plasmid,CC151_plasmid_338,plasmid,529247,530287,-1
Fuc_plasmid,CC151_plasmid_339,plasmid,530406,531035,1
Fuc_plasmid,CC151_plasmid_340,plasmid,531254,533431,1
Fuc_plasmid,CC151_plasmid_341,plasmid,533435,535165,1
Fuc_plasmid,CC151_plasmid_342,plasmid,535184,537457,1
Fuc_plasmid,CC151_plasmid_343,plasmid,538462,539994,-1
Fuc_plasmid,CC151_plasmid_344,plasmid,540272,540541,1
Fuc_plasmid,CC151_plasmid_345,plasmid,540531,542039,1
Fuc_plasmid,CC151_plasmid_346,plasmid,542134,543849,1
Fuc_plasmid,CC151_plasmid_347,plasmid,543897,545312,1
Fuc_plasmid,CC151_plasmid_348,plasmid,545408,549067,1
Fuc_plasmid,CC151_plasmid_349,plasmid,549042,549197,1
Fuc_plasmid,CC151_plasmid_350,plasmid,549600,552449,-1
Fuc_plasmid,CC151_plasmid_351,plasmid,552571,553257,-1
Fuc_plasmid,CC151_plasmid_352,plasmid,553401,554144,-1
Fuc_plasmid,CC151_plasmid_353,plasmid,554977,555585,1
Fuc_plasmid,CC151_plasmid_354,plasmid,556045,557064,1
Fuc_plasmid,CC151_plasmid_355,plasmid,557082,557798,1
Fuc_plasmid,CC151_plasmid_356,plasmid,557862,559232,-1
Fuc_plasmid,CC151_plasmid_357,plasmid,559312,560784,-1
Fuc_plasmid,CC151_plasmid_358,plasmid,560951,562546,1
Fuc_plasmid,CC151_plasmid_359,plasmid,562548,564449,1
Fuc_plasmid,CC151_plasmid_360,plasmid,564437,565501,-1
Fuc_plasmid,CC151_plasmid_361,plasmid,565650,567227,1
Fuc_plasmid,CC151_plasmid_362,plasmid,567285,569816,1
Fuc_plasmid,CC151_plasmid_363,plasmid,569819,571354,1
Fuc_plasmid,CC151_plasmid_364,plasmid,571739,576457,-1
Fuc_plasmid,CC151_plasmid_365,plasmid,576699,578054,-1
Fuc_plasmid,CC151_plasmid_366,plasmid,578325,579311,1
Fuc_plasmid,CC151_plasmid_367,plasmid,579323,580552,1
Fuc_plasmid,CC151_plasmid_368,plasmid,580611,582110,1
Fuc_plasmid,CC151_plasmid_369,plasmid,582128,582745,-1
Fuc_plasmid,CC151_plasmid_370,plasmid,582781,584373,-1
Fuc_plasmid,CC151_plasmid_371,plasmid,584440,585132,-1
Fuc_plasmid,CC151_plasmid_372,plasmid,585191,585349,-1
Fuc_plasmid,CC151_plasmid_373,plasmid,585531,585731,1
Fuc_plasmid,CC151_plasmid_374,plasmid,585757,586455,-1
Fuc_plasmid,CC151_plasmid_375,plasmid,587596,591033,1
Fuc_plasmid,CC151_plasmid_376,plasmid,591061,591747,1
Fuc_plasmid,CC151_plasmid_377,plasmid,591793,593055,1
Fuc_plasmid,CC151_plasmid_378,plasmid,593108,594538,1
Fuc_plasmid,CC151_plasmid_379,plasmid,594535,597018,1
Fuc_plasmid,CC151_plasmid_380,plasmid,597346,598353,1
Fuc_plasmid,CC151_plasmid_381,plasmid,598873,600885,-1
Fuc_plasmid,CC151_plasmid_382,plasmid,600990,602831,-1
Fuc_plasmid,CC151_plasmid_383,plasmid,602918,605800,-1
Fuc_plasmid,CC151_plasmid_384,plasmid,606030,608150,1
Fuc_plasmid,CC151_plasmid_385,plasmid,609371,612037,-1
Fuc_plasmid,CC151_plasmid_386,plasmid,612094,612864,-1
Fuc_plasmid,CC151_plasmid_387,plasmid,613310,615583,1
Fuc_plasmid,CC151_plasmid_388,plasmid,615817,616629,1
Fuc_plasmid,CC151_plasmid_389,plasmid,617038,618540,1
Fuc_plasmid,CC151_plasmid_390,plasmid,618709,618894,-1
Fuc_plasmid,CC151_plasmid_391,plasmid,619025,620395,1
Fuc_plasmid,CC151_plasmid_392,plasmid,620872,624033,-1
Fuc_plasmid,CC151_plasmid_393,plasmid,624034,625272,-1
Fuc_plasmid,CC151_plasmid_394,plasmid,625612,629469,1
Fuc_plasmid,CC151_plasmid_395,plasmid,629479,630204,1
Fuc_plasmid,CC151_plasmid_396,plasmid,630336,632786,1
Fuc_plasmid,CC151_plasmid_397,plasmid,633105,634991,1
Fuc_plasmid,CC151_plasmid_398,plasmid,635024,636943,1
Fuc_plasmid,CC151_plasmid_399,plasmid,636956,638521,1
Fuc_plasmid,CC151_plasmid_400,plasmid,638585,638992,-1
Fuc_plasmid,CC151_plasmid_401,plasmid,639387,639560,-1
Fuc_plasmid,CC151_plasmid_402,plasmid,640055,642916,1
Fuc_plasmid,CC151_plasmid_403,plasmid,643083,644570,1
Fuc_plasmid,CC151_plasmid_404,plasmid,644687,644788,1
Fuc_plasmid,CC151_plasmid_405,plasmid,645296,646021,1
Fuc_plasmid,CC151_plasmid_406,plasmid,646614,647966,1
Fuc_plasmid,CC151_plasmid_407,plasmid,647997,649766,1
Fuc_plasmid,CC151_plasmid_408,plasmid,649982,651187,-1
Fuc_plasmid,CC151_plasmid_409,plasmid,651184,651501,-1
Fuc_plasmid,CC151_plasmid_410,plasmid,651910,652953,1
Fuc_plasmid,CC151_plasmid_411,plasmid,652964,654349,-1
Fuc_plasmid,CC151_plasmid_412,plasmid,654688,656517,1
Fuc_plasmid,CC151_plasmid_413,plasmid,656578,659043,1
Fuc_plasmid,CC151_plasmid_414,plasmid,659426,660472,1
Fuc_plasmid,CC151_plasmid_415,plasmid,660600,661982,-1
Fuc_plasmid,CC151_plasmid_416,plasmid,662276,663790,1
Fuc_plasmid,CC151_plasmid_417,plasmid,663796,665391,1
Fuc_plasmid,CC151_plasmid_418,plasmid,665747,666394,-1
Fuc_plasmid,CC151_plasmid_419,plasmid,666391,668541,-1
Fuc_plasmid,CC151_plasmid_420,plasmid,668685,671615,1
Fuc_plasmid,CC151_plasmid_421,plasmid,671636,673156,1
Fuc_plasmid,CC151_plasmid_422,plasmid,673286,673492,-1
Fuc_plasmid,CC151_plasmid_423,plasmid,673559,674197,-1
Fuc_plasmid,CC151_plasmid_424,plasmid,674194,676359,-1
Fuc_plasmid,CC151_plasmid_425,plasmid,676557,677423,1
Fuc_plasmid,CC151_plasmid_426,plasmid,677679,678473,1
Fuc_plasmid,CC151_plasmid_427,plasmid,678721,681864,1
Fuc_plasmid,CC151_plasmid_428,plasmid,682284,684056,1
Fuc_plasmid,CC151_plasmid_429,plasmid,684412,686073,1
Fuc_plasmid,CC151_plasmid_430,plasmid,686122,688503,1
Fuc_plasmid,CC151_plasmid_431,plasmid,688507,690084,1
Fuc_plasmid,CC151_plasmid_432,plasmid,690391,690666,1
Fuc_plasmid,CC151_plasmid_433,plasmid,690785,691762,-1
Fuc_plasmid,CC151_plasmid_434,plasmid,692549,693799,-1
Fuc_plasmid,CC151_plasmid_435,plasmid,693943,694722,1
Fuc_plasmid,CC151_plasmid_436,plasmid,694745,697519,1
Fuc_plasmid,CC151_plasmid_437,plasmid,697532,698626,-1
Fuc_plasmid,CC151_plasmid_438,plasmid,698669,699442,-1
Fuc_plasmid,CC151_plasmid_439,plasmid,699448,700428,-1
Fuc_plasmid,CC151_plasmid_440,plasmid,700430,701923,-1
Fuc_plasmid,CC151_plasmid_441,plasmid,701950,703359,-1
Fuc_plasmid,CC151_plasmid_442,plasmid,703364,706651,-1
Fuc_plasmid,CC151_plasmid_443,plasmid,706902,707786,1
Fuc_plasmid,CC151_plasmid_444,plasmid,707764,708252,-1
Fuc_plasmid,CC151_plasmid_445,plasmid,710909,711235,1
Fuc_plasmid,CC151_plasmid_446,plasmid,711352,711642,1
Fuc_plasmid,CC151_plasmid_447,plasmid,711722,712081,1
Fuc_plasmid,CC151_plasmid_448,plasmid,712208,712822,-1
Fuc_plasmid,CC151_plasmid_449,plasmid,712929,713714,-1
Fuc_plasmid,CC151_plasmid_450,plasmid,713725,714378,-1
Fuc_plasmid,CC151_plasmid_451,plasmid,714593,714865,1
Fuc_plasmid,CC151_plasmid_452,plasmid,714916,716358,-1
Fuc_plasmid,CC151_plasmid_453,plasmid,716384,717952,-1
Fuc_plasmid,CC151_plasmid_454,plasmid,717965,719425,-1
Fuc_plasmid,CC151_plasmid_455,plasmid,720022,721497,-1
Fuc_plasmid,CC151_plasmid_456,plasmid,721509,723005,-1
Fuc_plasmid,CC151_plasmid_457,plasmid,723422,727174,1
Fuc_plasmid,CC151_plasmid_458,plasmid,727230,728603,1
Fuc_plasmid,CC151_plasmid_459,plasmid,728666,729229,1
Fuc_plasmid,CC151_plasmid_460,plasmid,729262,729846,1
Fuc_plasmid,CC151_plasmid_461,plasmid,730748,732247,-1
Fuc_plasmid,CC151_plasmid_462,plasmid,732977,733684,1
Fuc_plasmid,CC151_plasmid_463,plasmid,734298,737498,-1
Fuc_plasmid,CC151_plasmid_464,plasmid,737593,740256,-1
Fuc_plasmid,CC151_plasmid_465,plasmid,740617,742830,-1
Fuc_plasmid,CC151_plasmid_466,plasmid,743008,744492,-1
Fuc_plasmid,CC151_plasmid_467,plasmid,744555,744707,-1
Fuc_plasmid,CC151_plasmid_468,plasmid,744736,746508,-1
Fuc_plasmid,CC151_plasmid_469,plasmid,746690,747391,-1
Fuc_plasmid,CC151_plasmid_470,plasmid,747730,752865,-1
Fuc_plasmid,CC151_plasmid_471,plasmid,753252,755348,1
Fuc_plasmid,CC151_plasmid_472,plasmid,755421,756083,1
Fuc_plasmid,CC151_plasmid_473,plasmid,756454,758109,-1
Fuc_plasmid,CC151_plasmid_474,plasmid,758260,759006,1
Fuc_plasmid,CC151_plasmid_475,plasmid,759347,760165,-1
Fuc_plasmid,CC151_plasmid_476,plasmid,760485,761222,-1
Fuc_plasmid,CC151_plasmid_477,plasmid,761845,762816,-1
Fuc_plasmid,CC151_plasmid_478,plasmid,762841,763938,-1
Fuc_plasmid,CC151_plasmid_479,plasmid,764889,766538,-1
Fuc_plasmid,CC151_plasmid_480,plasmid,766740,769220,1
Fuc_plasmid,CC151_plasmid_481,plasmid,769564,770628,-1
Fuc_plasmid,CC151_plasmid_482,plasmid,770644,772083,-1
Fuc_plasmid,CC151_plasmid_483,plasmid,772196,773707,-1
Fuc_plasmid,CC151_plasmid_484,plasmid,774001,775437,-1
Fuc_plasmid,CC151_plasmid_485,plasmid,776127,776378,1
Fuc_plasmid,CC151_plasmid_486,plasmid,777125,777283,1
Fuc_plasmid,CC151_plasmid_487,plasmid,777400,778629,-1
Fuc_plasmid,CC151_plasmid_488,plasmid,778636,779244,-1
Fuc_plasmid,CC151_plasmid_489,plasmid,779307,782144,-1
Fuc_plasmid,CC151_plasmid_490,plasmid,782156,783724,-1
Fuc_plasmid,CC151_plasmid_491,plasmid,783728,785563,-1
Fuc_plasmid,CC151_plasmid_492,plasmid,785592,786581,-1
Fuc_plasmid,CC151_plasmid_493,plasmid,786595,788076,-1
Fuc_plasmid,CC151_plasmid_494,plasmid,788469,788606,1
Fuc_plasmid,CC151_plasmid_495,plasmid,788718,792692,1
Fuc_plasmid,CC151_plasmid_496,plasmid,792731,793477,1
Fuc_plasmid,CC151_plasmid_497,plasmid,793647,794351,1
Fuc_plasmid,CC151_plasmid_498,plasmid,794376,795980,-1
Fuc_plasmid,CC151_plasmid_499,plasmid,796706,797404,-1
Fuc_plasmid,CC151_plasmid_500,plasmid,797831,801244,-1
Fuc_plasmid,CC151_plasmid_501,plasmid,801472,803862,1
Fuc_plasmid,CC151_plasmid_502,plasmid,803872,804780,1
Fuc_plasmid,CC151_plasmid_503,plasmid,804784,805929,1
Fuc_plasmid,CC151_plasmid_504,plasmid,805969,806571,-1
Fuc_plasmid,CC151_plasmid_505,plasmid,807030,808043,1
Fuc_plasmid,CC151_plasmid_506,plasmid,808710,809981,-1
Fuc_plasmid,CC151_plasmid_507,plasmid,810282,811832,-1
Fuc_plasmid,CC151_plasmid_508,plasmid,811842,813716,-1
Fuc_plasmid,CC151_plasmid_509,plasmid,813897,817115,-1
Fuc_plasmid,CC151_plasmid_510,plasmid,817208,820771,-1
Fuc_plasmid,CC151_plasmid_511,plasmid,820881,821804,-1
Fuc_plasmid,CC151_plasmid_512,plasmid,822017,824674,-1
Fuc_plasmid,CC151_plasmid_513,plasmid,825040,825813,-1
Fuc_plasmid,CC151_plasmid_514,plasmid,826067,826789,-1
Fuc_plasmid,CC151_plasmid_515,plasmid,827233,827886,-1
Fuc_plasmid,CC151_plasmid_516,plasmid,827897,829954,-1
Fuc_plasmid,CC151_plasmid_517,plasmid,830533,832026,-1
Fuc_plasmid,CC151_plasmid_518,plasmid,832068,833453,-1
Fuc_plasmid,CC151_plasmid_519,plasmid,833529,834920,-1
Fuc_plasmid,CC151_plasmid_520,plasmid,834952,836370,-1
Fuc_plasmid,CC151_plasmid_521,plasmid,836393,837832,-1
Fuc_plasmid,CC151_plasmid_522,plasmid,837858,839900,-1
Fuc_plasmid,CC151_plasmid_523,plasmid,839960,842146,-1
Fuc_plasmid,CC151_plasmid_524,plasmid,842243,844312,-1
Fuc_plasmid,CC151_plasmid_525,plasmid,844489,845898,-1
Fuc_plasmid,CC151_plasmid_526,plasmid,846075,846764,-1
Fuc_plasmid,CC151_plasmid_527,plasmid,846802,850353,-1
Fuc_plasmid,CC151_plasmid_528,plasmid,850502,851245,-1
Fuc_plasmid,CC151_plasmid_529,plasmid,851292,854135,-1
Fuc_plasmid,CC151_plasmid_530,plasmid,854226,855029,-1
Fuc_plasmid,CC151_plasmid_531,plasmid,855213,855947,-1
Fuc_plasmid,CC151_plasmid_532,plasmid,856464,857102,-1
Fuc_plasmid,CC151_plasmid_533,plasmid,857104,859293,-1
Fuc_plasmid,CC151_plasmid_534,plasmid,859399,860634,-1
Fuc_plasmid,CC151_plasmid_535,plasmid,860674,862659,-1
Fuc_plasmid,CC151_plasmid_536,plasmid,863584,865122,-1
Fuc_plasmid,CC151_plasmid_537,plasmid,865119,866783,-1
Fuc_plasmid,CC151_plasmid_538,plasmid,866993,869662,-1
Fuc_plasmid,CC151_plasmid_539,plasmid,869857,871146,-1
Fuc_plasmid,CC151_plasmid_540,plasmid,871511,872419,-1
Fuc_plasmid,CC151_plasmid_541,plasmid,872985,873242,-1
Fuc_plasmid,CC151_plasmid_542,plasmid,874574,875245,1
Fuc_plasmid,CC151_plasmid_543,plasmid,875314,875706,1
Fuc_plasmid,CC151_plasmid_544,plasmid,875766,876176,1
Fuc_plasmid,CC151_plasmid_545,plasmid,876237,876686,1
Fuc_plasmid,CC151_plasmid_546,plasmid,877083,877493,1
Fuc_plasmid,CC151_plasmid_547,plasmid,878069,879160,-1
Fuc_plasmid,CC151_plasmid_548,plasmid,879223,880101,-1
Fuc_plasmid,CC151_plasmid_549,plasmid,880561,881652,-1
Fuc_plasmid,CC151_plasmid_550,plasmid,881715,882593,-1
Fuc_plasmid,CC151_plasmid_551,plasmid,882800,883207,1
Fuc_plasmid,CC151_plasmid_552,plasmid,883763,884665,1
